{
	"gb_ygo_dm_jp": {
		"border": "on",
		"screen": "normal",
		"filter": "off",
		"dm1_unlock_all_cards": "0"
	},
	"gb_ygo_dm_en": {
		"border": "on",
		"screen": "normal",
		"filter": "off",
		"dm1_unlock_all_cards": "0"
	},
	"gb_ygo_dm_fr": {
		"border": "on",
		"screen": "normal",
		"filter": "off",
		"dm1_unlock_all_cards": "0"
	},
	"gb_ygo_dm_it": {
		"border": "on",
		"screen": "normal",
		"filter": "off",
		"dm1_unlock_all_cards": "0"
	},
	"gb_ygo_dm_de": {
		"border": "on",
		"screen": "normal",
		"filter": "off",
		"dm1_unlock_all_cards": "0"
	},
	"gb_ygo_dm_es": {
		"border": "on",
		"screen": "normal",
		"filter": "off",
		"dm1_unlock_all_cards": "0"
	},
	"gbc_ygo_dm2_jp": {
		"border": "on",
		"screen": "normal",
		"filter": "off",
		"dm2_unlock_all_cards": "0",
		"dm2_max_deck_capacity": "off",
		"dm2_dark_stage_character": "255"
	},
	"gbc_ygo_dm2_en": {
		"border": "on",
		"screen": "normal",
		"filter": "off",
		"dm2_unlock_all_cards": "0",
		"dm2_max_deck_capacity": "off",
		"dm2_dark_stage_character": "255"
	},
	"gbc_ygo_dm2_fr": {
		"border": "on",
		"screen": "normal",
		"filter": "off",
		"dm2_unlock_all_cards": "0",
		"dm2_max_deck_capacity": "off",
		"dm2_dark_stage_character": "255"
	},
	"gbc_ygo_dm2_it": {
		"border": "on",
		"screen": "normal",
		"filter": "off",
		"dm2_unlock_all_cards": "0",
		"dm2_max_deck_capacity": "off",
		"dm2_dark_stage_character": "255"
	},
	"gbc_ygo_dm2_de": {
		"border": "on",
		"screen": "normal",
		"filter": "off",
		"dm2_unlock_all_cards": "0",
		"dm2_max_deck_capacity": "off",
		"dm2_dark_stage_character": "255"
	},
	"gbc_ygo_dm2_es": {
		"border": "on",
		"screen": "normal",
		"filter": "off",
		"dm2_unlock_all_cards": "0",
		"dm2_max_deck_capacity": "off",
		"dm2_dark_stage_character": "255"
	},
	"gb_ygo_dm2_jp": {
		"border": "on",
		"screen": "normal",
		"filter": "off",
		"dm2_unlock_all_cards": "0",
		"dm2_max_deck_capacity": "off",
		"dm2_dark_stage_character": "255"
	},
	"gbc_ygo_mcgb_jp": {
		"border": "on",
		"screen": "normal",
		"filter": "off",
		"mcgb_infinite_evolve_capsule": "off",
		"mcgb_infinite_star_chip": "off"
	},
	"gbc_ygo_mcgb_en": {
		"border": "on",
		"screen": "normal",
		"filter": "off",
		"mcgb_infinite_evolve_capsule": "off",
		"mcgb_infinite_star_chip": "off"
	},
	"gbc_ygo_mcgb_fr": {
		"border": "on",
		"screen": "normal",
		"filter": "off",
		"mcgb_infinite_evolve_capsule": "off",
		"mcgb_infinite_star_chip": "off"
	},
	"gbc_ygo_mcgb_it": {
		"border": "on",
		"screen": "normal",
		"filter": "off",
		"mcgb_infinite_evolve_capsule": "off",
		"mcgb_infinite_star_chip": "off"
	},
	"gbc_ygo_mcgb_de": {
		"border": "on",
		"screen": "normal",
		"filter": "off",
		"mcgb_infinite_evolve_capsule": "off",
		"mcgb_infinite_star_chip": "off"
	},
	"gbc_ygo_mcgb_es": {
		"border": "on",
		"screen": "normal",
		"filter": "off",
		"mcgb_infinite_evolve_capsule": "off",
		"mcgb_infinite_star_chip": "off"
	},
	"gb_ygo_mcgb_jp": {
		"border": "on",
		"screen": "normal",
		"filter": "off",
		"mcgb_infinite_evolve_capsule": "off",
		"mcgb_infinite_star_chip": "off"
	},
	"gbc_ygo_dm3_jp": {
		"border": "on",
		"screen": "normal",
		"filter": "off",
		"dm3_unlock_all_cards": "0",
		"dm3_max_deck_capacity": "off",
		"dm3_dark_stage_character": "255"
	},
	"gbc_ygo_dm3_en": {
		"border": "on",
		"screen": "normal",
		"filter": "off",
		"dm3_unlock_all_cards": "0",
		"dm3_max_deck_capacity": "off",
		"dm3_dark_stage_character": "255"
	},
	"gbc_ygo_dm3_fr": {
		"border": "on",
		"screen": "normal",
		"filter": "off",
		"dm3_unlock_all_cards": "0",
		"dm3_max_deck_capacity": "off",
		"dm3_dark_stage_character": "255"
	},
	"gbc_ygo_dm3_it": {
		"border": "on",
		"screen": "normal",
		"filter": "off",
		"dm3_unlock_all_cards": "0",
		"dm3_max_deck_capacity": "off",
		"dm3_dark_stage_character": "255"
	},
	"gbc_ygo_dm3_de": {
		"border": "on",
		"screen": "normal",
		"filter": "off",
		"dm3_unlock_all_cards": "0",
		"dm3_max_deck_capacity": "off",
		"dm3_dark_stage_character": "255"
	},
	"gbc_ygo_dm3_es": {
		"border": "on",
		"screen": "normal",
		"filter": "off",
		"dm3_unlock_all_cards": "0",
		"dm3_max_deck_capacity": "off",
		"dm3_dark_stage_character": "255"
	},
	"gbc_ygo_dm4_yuugi_jp": {
		"border": "on",
		"screen": "normal",
		"filter": "off",
		"dm4_unlock_all_cards": "0",
		"dm4_unlock_card_usage": "off",
		"dm4_max_deck_capacity": "off",
		"dm4_dark_stage_character": "255",
		"dm4_secret_stage_character": "0"
	},
	"gbc_ygo_dm4_yuugi_en": {
		"border": "on",
		"screen": "normal",
		"filter": "off",
		"dm4_unlock_all_cards": "0",
		"dm4_unlock_card_usage": "off",
		"dm4_max_deck_capacity": "off",
		"dm4_dark_stage_character": "255",
		"dm4_secret_stage_character": "0"
	},
	"gbc_ygo_dm4_yuugi_fr": {
		"border": "on",
		"screen": "normal",
		"filter": "off",
		"dm4_unlock_all_cards": "0",
		"dm4_unlock_card_usage": "off",
		"dm4_max_deck_capacity": "off",
		"dm4_dark_stage_character": "255",
		"dm4_secret_stage_character": "0"
	},
	"gbc_ygo_dm4_yuugi_it": {
		"border": "on",
		"screen": "normal",
		"filter": "off",
		"dm4_unlock_all_cards": "0",
		"dm4_unlock_card_usage": "off",
		"dm4_max_deck_capacity": "off",
		"dm4_dark_stage_character": "255",
		"dm4_secret_stage_character": "0"
	},
	"gbc_ygo_dm4_yuugi_de": {
		"border": "on",
		"screen": "normal",
		"filter": "off",
		"dm4_unlock_all_cards": "0",
		"dm4_unlock_card_usage": "off",
		"dm4_max_deck_capacity": "off",
		"dm4_dark_stage_character": "255",
		"dm4_secret_stage_character": "0"
	},
	"gbc_ygo_dm4_yuugi_es": {
		"border": "on",
		"screen": "normal",
		"filter": "off",
		"dm4_unlock_all_cards": "0",
		"dm4_unlock_card_usage": "off",
		"dm4_max_deck_capacity": "off",
		"dm4_dark_stage_character": "255",
		"dm4_secret_stage_character": "0"
	},
	"gbc_ygo_dm4_kaiba_jp": {
		"border": "on",
		"screen": "normal",
		"filter": "off",
		"dm4_unlock_all_cards": "0",
		"dm4_unlock_card_usage": "off",
		"dm4_max_deck_capacity": "off",
		"dm4_dark_stage_character": "255",
		"dm4_secret_stage_character": "0"
	},
	"gbc_ygo_dm4_kaiba_en": {
		"border": "on",
		"screen": "normal",
		"filter": "off",
		"dm4_unlock_all_cards": "0",
		"dm4_unlock_card_usage": "off",
		"dm4_max_deck_capacity": "off",
		"dm4_dark_stage_character": "255",
		"dm4_secret_stage_character": "0"
	},
	"gbc_ygo_dm4_kaiba_fr": {
		"border": "on",
		"screen": "normal",
		"filter": "off",
		"dm4_unlock_all_cards": "0",
		"dm4_unlock_card_usage": "off",
		"dm4_max_deck_capacity": "off",
		"dm4_dark_stage_character": "255",
		"dm4_secret_stage_character": "0"
	},
	"gbc_ygo_dm4_kaiba_it": {
		"border": "on",
		"screen": "normal",
		"filter": "off",
		"dm4_unlock_all_cards": "0",
		"dm4_unlock_card_usage": "off",
		"dm4_max_deck_capacity": "off",
		"dm4_dark_stage_character": "255",
		"dm4_secret_stage_character": "0"
	},
	"gbc_ygo_dm4_kaiba_de": {
		"border": "on",
		"screen": "normal",
		"filter": "off",
		"dm4_unlock_all_cards": "0",
		"dm4_unlock_card_usage": "off",
		"dm4_max_deck_capacity": "off",
		"dm4_dark_stage_character": "255",
		"dm4_secret_stage_character": "0"
	},
	"gbc_ygo_dm4_kaiba_es": {
		"border": "on",
		"screen": "normal",
		"filter": "off",
		"dm4_unlock_all_cards": "0",
		"dm4_unlock_card_usage": "off",
		"dm4_max_deck_capacity": "off",
		"dm4_dark_stage_character": "255",
		"dm4_secret_stage_character": "0"
	},
	"gbc_ygo_dm4_joey_jp": {
		"border": "on",
		"screen": "normal",
		"filter": "off",
		"dm4_unlock_all_cards": "0",
		"dm4_unlock_card_usage": "off",
		"dm4_max_deck_capacity": "off",
		"dm4_dark_stage_character": "255",
		"dm4_secret_stage_character": "0"
	},
	"gbc_ygo_dm4_joey_en": {
		"border": "on",
		"screen": "normal",
		"filter": "off",
		"dm4_unlock_all_cards": "0",
		"dm4_unlock_card_usage": "off",
		"dm4_max_deck_capacity": "off",
		"dm4_dark_stage_character": "255",
		"dm4_secret_stage_character": "0"
	},
	"gbc_ygo_dm4_joey_fr": {
		"border": "on",
		"screen": "normal",
		"filter": "off",
		"dm4_unlock_all_cards": "0",
		"dm4_unlock_card_usage": "off",
		"dm4_max_deck_capacity": "off",
		"dm4_dark_stage_character": "255",
		"dm4_secret_stage_character": "0"
	},
	"gbc_ygo_dm4_joey_it": {
		"border": "on",
		"screen": "normal",
		"filter": "off",
		"dm4_unlock_all_cards": "0",
		"dm4_unlock_card_usage": "off",
		"dm4_max_deck_capacity": "off",
		"dm4_dark_stage_character": "255",
		"dm4_secret_stage_character": "0"
	},
	"gbc_ygo_dm4_joey_de": {
		"border": "on",
		"screen": "normal",
		"filter": "off",
		"dm4_unlock_all_cards": "0",
		"dm4_unlock_card_usage": "off",
		"dm4_max_deck_capacity": "off",
		"dm4_dark_stage_character": "255",
		"dm4_secret_stage_character": "0"
	},
	"gbc_ygo_dm4_joey_es": {
		"border": "on",
		"screen": "normal",
		"filter": "off",
		"dm4_unlock_all_cards": "0",
		"dm4_unlock_card_usage": "off",
		"dm4_max_deck_capacity": "off",
		"dm4_dark_stage_character": "255",
		"dm4_secret_stage_character": "0"
	},
	"gba_ygo_ddm_jp": {
		"border": "on",
		"screen": "normal",
		"filter": "off",
		"ddm_unlock_all_dices": "0",
		"ddm_max_money": "off"
	},
	"gba_ygo_ddm_us": {
		"border": "on",
		"screen": "normal",
		"filter": "off",
		"ddm_unlock_all_dices": "0",
		"ddm_max_money": "off"
	},
	"gba_ygo_ddm_eu": {
		"border": "on",
		"screen": "normal",
		"filter": "off",
		"ddm_unlock_all_dices": "0",
		"ddm_max_money": "off"
	},
	"gba_ygo_dm5_jp": {
		"border": "on",
		"screen": "normal",
		"filter": "off",
		"dm5_unlock_all_cards": "0"
	},
	"gba_ygo_dm5_us": {
		"border": "on",
		"screen": "normal",
		"filter": "off",
		"dm5_unlock_all_cards": "0"
	},
	"gba_ygo_dm6_jp": {
		"border": "on",
		"screen": "normal",
		"filter": "off",
		"dm6_unlock_all_cards": "0"
	},
	"gba_ygo_dm7_jp": {
		"border": "on",
		"screen": "normal",
		"filter": "off",
		"dm7_unlock_all_cards": "0",
		"dm7_max_deck_capacity": "off",
		"dm7_max_duelist_level": "off"
	},
	"gba_ygo_dm7_us": {
		"border": "on",
		"screen": "normal",
		"filter": "off",
		"dm7_unlock_all_cards": "0",
		"dm7_max_deck_capacity": "off",
		"dm7_max_duelist_level": "off"
	},
	"gba_ygo_dm7_eu": {
		"border": "on",
		"screen": "normal",
		"filter": "off",
		"dm7_unlock_all_cards": "0",
		"dm7_max_deck_capacity": "off",
		"dm7_max_duelist_level": "off"
	},
	"gba_ygo_dm8_jp": {
		"border": "on",
		"screen": "normal",
		"filter": "off",
		"dm8_unlock_all_cards": "0",
		"dm8_max_deck_capacity": "off",
		"dm8_max_duelist_level": "off"
	},
	"gba_ygo_dm8_us": {
		"border": "on",
		"screen": "normal",
		"filter": "off",
		"dm8_unlock_all_cards": "0",
		"dm8_max_deck_capacity": "off",
		"dm8_max_duelist_level": "off"
	},
	"gba_ygo_dm8_eu": {
		"border": "on",
		"screen": "normal",
		"filter": "off",
		"dm8_unlock_all_cards": "0",
		"dm8_max_deck_capacity": "off",
		"dm8_max_duelist_level": "off"
	},
	"gba_ygo_dmi_we_jp": {
		"border": "on",
		"screen": "normal",
		"filter": "off",
		"dmi_we_unlock_all_cards": "0"
	},
	"gba_ygo_dmi_we_us": {
		"border": "on",
		"screen": "normal",
		"filter": "off",
		"dmi_we_unlock_all_cards": "0"
	},
	"gba_ygo_dmi_we_eu": {
		"border": "on",
		"screen": "normal",
		"filter": "off",
		"dmi_we_unlock_all_cards": "0"
	},
	"gba_ygo_wct_2004_jp": {
		"border": "on",
		"screen": "normal",
		"filter": "off",
		"wct_2004_unlock_all_cards": "0"
	},
	"gba_ygo_wct_2004_us": {
		"border": "on",
		"screen": "normal",
		"filter": "off",
		"wct_2004_unlock_all_cards": "0"
	},
	"gba_ygo_wct_2004_eu": {
		"border": "on",
		"screen": "normal",
		"filter": "off",
		"wct_2004_unlock_all_cards": "0"
	},
	"gba_ygo_dbt_jp": {
		"border": "on",
		"screen": "normal",
		"filter": "off",
		"dbt_unlock_all_characters": "off",
		"dbt_unlock_all_link_map_types": "off",
		"dbt_unlock_all_maps": "off"
	},
	"gba_ygo_dbt_us": {
		"border": "on",
		"screen": "normal",
		"filter": "off",
		"dbt_unlock_all_characters": "off",
		"dbt_unlock_all_link_map_types": "off",
		"dbt_unlock_all_maps": "off"
	},
	"gba_ygo_dmi2_jp": {
		"border": "on",
		"screen": "normal",
		"filter": "off",
		"dmi2_unlock_all_cards": "0"
	},
	"gba_ygo_dmi2_us": {
		"border": "on",
		"screen": "normal",
		"filter": "off",
		"dmi2_unlock_all_cards": "0"
	},
	"gba_ygo_dmi2_eu": {
		"border": "on",
		"screen": "normal",
		"filter": "off",
		"dmi2_unlock_all_cards": "0"
	},
	"gbc_ygo_dm4_online_jp": {
		"border": "on",
		"screen": "normal",
		"filter": "off"
	},
	"gbc_ygo_dm4_online_en": {
		"border": "on",
		"screen": "normal",
		"filter": "off"
	},
	"gbc_ygo_dm4_online_fr": {
		"border": "on",
		"screen": "normal",
		"filter": "off"
	},
	"gbc_ygo_dm4_online_it": {
		"border": "on",
		"screen": "normal",
		"filter": "off"
	},
	"gbc_ygo_dm4_online_de": {
		"border": "on",
		"screen": "normal",
		"filter": "off"
	},
	"gbc_ygo_dm4_online_es": {
		"border": "on",
		"screen": "normal",
		"filter": "off"
	}
}