<?xml version="1.0" ?>
<Save>
    <GameVersion major="1" minor="0" />
    <Inventory>
        <Page>
            <Slot>
                <Object id="VEncreTampon" />
            </Slot>
            <Slot>
                <Object id="VJournalAnna" />
            </Slot>
            <Slot>
                <Object id="VCylindreVal" />
            </Slot>
            <Slot>
                <Object id="VCoupureJournal" />
            </Slot>
            <Slot>
                <Object id="VConfessionCure" />
            </Slot>
            <Slot>
                <Object id="VLettreAnna" />
            </Slot>
            <Slot>
                <Object id="VJournalVal" />
            </Slot>
            <Slot>
                <Object id="VFax1" />
            </Slot>
            <Slot>
                <Object id="VDepliantVal" />
            </Slot>
            <Slot />
            <Slot />
            <Slot />
            <Slot />
            <Slot />
            <Slot />
            <Slot />
            <Slot />
            <Slot />
            <Slot />
            <Slot />
            <Slot />
            <Slot />
            <Slot />
            <Slot />
            <Slot />
            <Slot />
            <Slot />
            <Slot />
            <Slot />
            <Slot />
        </Page>
    </Inventory>
    <Cellphone>
        <Number num="Office" />
        <Number num="Mother" />
        <Number num="Dan" />
        <Number num="Olivia" />
    </Cellphone>
    <Dialog />
    <ContextLua>
        <Number name="BUTTON_SELECT" value="16384.000000" />
        <Boolean name="Momo_Opening_Gate" value="0" />
        <Boolean name="AnimManetteEnCours" value="1" />
        <Boolean name="STATE_16000_KateFirstEnter" value="1" />
        <Number name="XBOX_Graduate" value="3.000000" />
        <Boolean name="T3SemiOpen" value="0" />
        <Number name="PS3_Music" value="-8.000000" />
        <Number name="ETAT_11200_AIDEMOMO" value="0.000000" />
        <Boolean name="MomoInField" value="1" />
        <Boolean name="T5Open" value="0" />
        <String name="ETAT_16040_LUMIERE" value="OPEN" />
        <Number name="BUTTON_RIGHT" value="1024.000000" />
        <Boolean name="LETTRE_ANNA_NOTAIRE" value="1" />
        <Boolean name="ANIM_14110_ECHELLE" value="0" />
        <Number name="PS3_Amerzone" value="-7.000000" />
        <Boolean name="OBJET_15060_CLEE_Echelle" value="1" />
        <Boolean name="E_11190_FIRST" value="1" />
        <Boolean name="T4Open" value="0" />
        <Boolean name="FirstDialogMomo" value="1" />
        <Boolean name="ArmRobot" value="0" />
        <Number name="BUTTON_LS_DOWN" value="262144.000000" />
        <Boolean name="FirstOpenLight" value="1" />
        <Number name="BUTTON_R1" value="32.000000" />
        <Boolean name="STATE_14005_KateFirstEnter" value="1" />
        <Boolean name="OBJECT_13120_VCartePerfEnt" value="1" />
        <Boolean name="" value="1" />
        <Number name="BUTTON_EXTRA1" value="4.000000" />
        <Boolean name="ANIM_NOTAIRE_LETTRE" value="0" />
        <String name="ZONE" value="Valadilene" />
        <Boolean name="T3Open" value="0" />
        <Number name="BUTTON_LS_RIGHT" value="1048576.000000" />
        <Number name="BUTTON_R2" value="65536.000000" />
        <Number name="PS3_Escape" value="-6.000000" />
        <Number name="PS3_Code" value="-5.000000" />
        <Number name="BUTTON_L2" value="32768.000000" />
        <Boolean name="CalepinVisible" value="0" />
        <Boolean name="ManetteRobot2_OK" value="1" />
        <Boolean name="TutoInventory" value="1" />
        <Boolean name="STATE_11150_KateFirstEnter" value="1" />
        <Boolean name="NumberMaman" value="1" />
        <Number name="BUTTON_VALID" value="1.000000" />
        <Boolean name="T2Open" value="0" />
        <Number name="BUTTON_RS_UP" value="2097152.000000" />
        <Boolean name="STATE_13000_KateFirstEnter" value="1" />
        <Number name="BUTTON_LS_LEFT" value="524288.000000" />
        <Number name="BUTTON_LS_UP" value="131072.000000" />
        <Number name="PS3_OnWay" value="-9.000000" />
        <Boolean name="T1Open" value="1" />
        <Number name="XBOX_Gossip" value="11.000000" />
        <Number name="BUTTON_RS_LEFT" value="8388608.000000" />
        <Boolean name="CleMise" value="1" />
        <String name="ETAT_11110_PorteNotaire" value="OPEN" />
        <Boolean name="OBJET_10040_Engrenage4" value="1" />
        <Number name="XBOX_Code" value="6.000000" />
        <String name="_VERSION" value="Lua 5.2" />
        <Boolean name="OBJECT_13120_VCleCaveau" value="1" />
        <Boolean name="FirstEnter14115" value="1" />
        <Number name="PS3_Graduate" value="-2.000000" />
        <Number name="PS3_Welcome" value="0.000000" />
        <Number name="XBOX_Welcome" value="1.000000" />
        <Boolean name="CoffinOpen" value="1" />
        <String name="ETAT_11190_MOMO" value="NEUTRE" />
        <Boolean name="STATE_10020_Valise_Help" value="1" />
        <Boolean name="Engrenage3Pose" value="1" />
        <Number name="XBOX_Music" value="9.000000" />
        <Number name="XBOX_Snoop" value="12.000000" />
        <String name="Called_number" value="Mother" />
        <Boolean name="ChapeauOpen" value="0" />
        <Boolean name="SHOW_OWNER_ERROR" value="0" />
        <Boolean name="Momo_Happy_Will_Go" value="1" />
        <Boolean name="NumberBureau" value="1" />
        <Boolean name="PHONE_DIAL_13000_Marson" value="1" />
        <Boolean name="Engrenage4Pose" value="1" />
        <Boolean name="OBJET_10040_Engrenage3" value="1" />
        <Boolean name="STATE_13190_KateFirstEnter" value="1" />
        <Boolean name="OBJET_14115_CLEE_Echelle_OK" value="1" />
        <Boolean name="FirstEnter13130" value="1" />
        <Boolean name="OBJECT_13120_VConfessionCure" value="1" />
        <Boolean name="PHONE_DIAL_11070_Dan" value="1" />
        <Number name="PS3_Odyssey" value="-4.000000" />
        <Boolean name="AscenceurOpen" value="1" />
        <Boolean name="OBJET_VPapierCrayon_16000" value="1" />
        <Boolean name="NumberDan" value="1" />
        <String name="ETAT_10030_MOMO" value="OUT" />
        <Boolean name="OBJECT_10010_VCleUniverselle" value="1" />
        <Boolean name="OBJET_10030_Engrenage" value="1" />
        <String name="Kate_Phonecall" value="NO" />
        <Boolean name="AubergisteKnowKate" value="1" />
        <Boolean name="TirroirNotOpen" value="0" />
        <Boolean name="STATE_MOMO_14110" value="1" />
        <Number name="PS3_Easten" value="-3.000000" />
        <Number name="XBOX_Amerzone" value="8.000000" />
        <Boolean name="ETAT_11120_TETE" value="0" />
        <Boolean name="OBJECT_13110_VCleMeuSacristie_Taken" value="1" />
        <Boolean name="PHONE_DIAL_10080_Marson" value="1" />
        <Number name="XBOX_School" value="13.000000" />
        <Boolean name="FirstEnterNotairePuzzle" value="1" />
        <Boolean name="OBJECT_10080_VFAX1" value="1" />
        <Boolean name="JournalTaken" value="1" />
        <Boolean name="FirstEnter_10000" value="1" />
        <Boolean name="DIAL_12030_Notaire_Ended" value="1" />
        <Number name="PS3_Legacy" value="-1.000000" />
        <Boolean name="CroixSurCote" value="1" />
        <Boolean name="STATE_11050_KateFirstEnter" value="1" />
        <Number name="BUTTON_UP" value="128.000000" />
        <Number name="XBOX_Legacy" value="2.000000" />
        <Boolean name="FAX2_TAKEN" value="1" />
        <Boolean name="PhoneCallInProgress" value="0" />
        <String name="ETAT_11190_RAME" value="LOIN" />
        <Boolean name="PorteCaveOpened" value="1" />
        <Boolean name="Engrenage2Pose" value="1" />
        <Number name="BUTTON_BACK" value="8192.000000" />
        <Boolean name="NotaryDocRead" value="1" />
        <Boolean name="FirstEnter14080" value="1" />
        <Boolean name="STATE_Momo_FieldGate_Opened" value="1" />
        <Boolean name="DIAL_11040_OldMan_First" value="1" />
        <Boolean name="OBJECT_18015_DocSortieTrain_Putted" value="0" />
        <Number name="BUTTON_RS_DOWN" value="4194304.000000" />
        <Number name="XBOX_Odyssey" value="5.000000" />
        <Boolean name="STATE_13140_ScaredBirds" value="1" />
        <Boolean name="MODE_SURVEY" value="0" />
        <Boolean name="VFrottiMammouthTaken" value="1" />
        <Boolean name="OBJECT_10000_VFAX2" value="1" />
        <Boolean name="STATE_16000_Momo_View" value="1" />
        <String name="ETAT_14110_Echelle" value="OPEN" />
        <Boolean name="ETAT_10000_DEBUTJEU" value="1" />
        <Boolean name="TutoRun" value="1" />
        <String name="ETAT_10020_Aubergiste" value="En_Place" />
        <Boolean name="ChapeauBas" value="1" />
        <Number name="XBOX_Escape" value="7.000000" />
        <Boolean name="PUZZLE_PORTE_NOTAIRE" value="1" />
        <Boolean name="OBJET_16020_ENCRE" value="1" />
        <Boolean name="FirstEnter13060" value="1" />
        <Boolean name="CleMeuSacristie" value="1" />
        <Boolean name="TutoPhone" value="1" />
        <Boolean name="OBJECT_13120_VCartePerfNoel" value="1" />
        <Boolean name="EngrenageOk" value="1" />
        <Boolean name="ANIM_11110_PORTE_NOTAIRE" value="0" />
        <String name="AnimKateEnCours" value="" />
        <String name="ActionInProgress" value="NO" />
        <Boolean name="FirstTime13000" value="1" />
        <Number name="BUTTON_L1" value="16.000000" />
        <Number name="PS3_Gossip" value="-10.000000" />
        <Number name="BUTTON_LS_CLIC" value="2048.000000" />
        <Number name="XBOX_OnWay" value="10.000000" />
        <String name="CurWait" value="WaitTuto" />
        <Boolean name="OBJECT_12000_VCleTelescopique_Taken" value="1" />
        <Boolean name="TutoHotspot" value="1" />
        <Boolean name="TutoAction" value="1" />
        <Boolean name="DEPLIANT_TAKEN" value="1" />
        <Number name="XBOX_Easten" value="4.000000" />
        <Boolean name="Momo_Came_Attic" value="1" />
        <Boolean name="AnimCleEnCours" value="0" />
        <Number name="BUTTON_START" value="64.000000" />
        <Boolean name="ClePoser" value="1" />
        <Boolean name="ManetteRobot_OK" value="1" />
        <Number name="BUTTON_EXTRA2" value="8.000000" />
        <Number name="BUTTON_RS_RIGHT" value="16777216.000000" />
        <Number name="PS3_Snoop" value="-11.000000" />
        <Boolean name="DialogEnCours" value="0" />
        <Boolean name="OBJET_10000_VALISE_UP" value="1" />
        <String name="AnimMoveEnCours" value="NO" />
        <Boolean name="OBJECT_13190_VCylindreVal" value="1" />
        <Number name="BUTTON_DOWN" value="256.000000" />
        <Boolean name="FirstEnter10010" value="1" />
        <Boolean name="OBJECT_10000_VDepliantVal" value="1" />
        <Boolean name="puzzleSonnette" value="1" />
        <Boolean name="Engrenage1Pose" value="1" />
        <String name="STATE_MOMO_16000" value="Happy" />
        <Number name="BUTTON_LEFT" value="512.000000" />
        <Boolean name="FirstTime14110" value="1" />
        <Number name="TestMumPhone" value="1.000000" />
        <Boolean name="OBJECT_13120_VCartePerfMar" value="1" />
        <Boolean name="STATE_10020_AubergisteDial" value="1" />
        <Boolean name="OBJET_16020_JOURNAL_ANNA" value="1" />
        <Boolean name="FirstEnter13090" value="1" />
        <Number name="PS3_School" value="-12.000000" />
        <Boolean name="AnimEnCours" value="0" />
        <String name="ETAT_12020_DOC" value="VIDE" />
        <Boolean name="TutoDeplacement" value="1" />
        <String name="ETAT_11080_Porte" value="OPEN" />
        <Number name="BUTTON_CANCEL" value="2.000000" />
        <Number name="TestMarsonPhone" value="1.000000" />
        <Boolean name="ETAT_11120_FAX" value="1" />
        <Boolean name="DIAL_12030_Notaire_First" value="1" />
        <Boolean name="NumberOlivia" value="1" />
        <Number name="BUTTON_RS_CLIC" value="4096.000000" />
        <Boolean name="NoPunchNotification" value="1" />
        <Boolean name="BlockKateSortie" value="0" />
        <Boolean name="FirstEnter_10020" value="1" />
    </ContextLua>
    <WarpName zone="ValField" scene="11180" />
    <Difficulty value="1" />
    <PlayedTime value="4101" />
    <ObjectsTaken value="24" bits="4" />
    <DialogsTold value="1017888" />
    <PreviousScene name="11160" />
    <Music path="sounds/Musiques/music0.ogg" />
    <RunMode run="jog" />
    <FirstInInventory firstTime="0" />
    <TutorialActive value="1" />
</Save>
