<?xml version="1.0" ?>
<GameVersion major="1" minor="0" />
<SFXVolume value="0.700000" />
<MusicVolume value="0.700000" />
<DialogVolume value="0.700000" />
<VideoVolume value="0.700000" />
<SetLigthPlayerCharacter value="0" />
<RatioStretched value="0" />
<BlurryBars value="1" />
<PermanentHelp value="1" />
<FaceBookLiked value="0" />
<IsPadEnabled value="1" />
<ArtworksUnlocked>
    <Movie0 artworkPath="menus/bonusmenu/bonus_00.jpg" unlocked="1" />
    <Movie1 artworkPath="menus/bonusmenu/bonus_01.jpg" unlocked="1" />
    <Movie2 artworkPath="menus/bonusmenu/bonus_02.jpg" unlocked="1" />
    <Movie3 artworkPath="menus/bonusmenu/bonus_03.jpg" unlocked="1" />
    <Movie4 artworkPath="menus/bonusmenu/bonus_04.jpg" unlocked="1" />
    <Movie5 artworkPath="menus/bonusmenu/bonus_05.jpg" unlocked="1" />
    <Movie6 artworkPath="menus/bonusmenu/bonus_06.jpg" unlocked="1" />
    <Movie7 artworkPath="menus/bonusmenu/bonus_07.jpg" unlocked="1" />
</ArtworksUnlocked>
